ID;TABELA;OPIS_TABELE;POLJE_PK;IME;VREDNOST_N;VREDNOST_C;OPIS
1221;MATERIAL_NOSILNE_KONSTRUKCIJE;Material nosilne konstrukcije;ID_KONSTRUKCIJE;kovinska konstrukcija;6;;6 - kovinska konstrukcija
1216;MATERIAL_NOSILNE_KONSTRUKCIJE;Material nosilne konstrukcije;ID_KONSTRUKCIJE;opeka;1;;1 - opeka
1217;MATERIAL_NOSILNE_KONSTRUKCIJE;Material nosilne konstrukcije;ID_KONSTRUKCIJE;beton, železobeton;2;;2 - beton, železobeton
1218;MATERIAL_NOSILNE_KONSTRUKCIJE;Material nosilne konstrukcije;ID_KONSTRUKCIJE;kamen;3;;3 - kamen
1219;MATERIAL_NOSILNE_KONSTRUKCIJE;Material nosilne konstrukcije;ID_KONSTRUKCIJE;les;4;;4 - les
1220;MATERIAL_NOSILNE_KONSTRUKCIJE;Material nosilne konstrukcije;ID_KONSTRUKCIJE;kombinacija različnih materialov;5;;5 - kombinacija različnih materialov
1222;MATERIAL_NOSILNE_KONSTRUKCIJE;Material nosilne konstrukcije;ID_KONSTRUKCIJE;montažna gradnja;7;;7 - montažna gradnja
1223;MATERIAL_NOSILNE_KONSTRUKCIJE;Material nosilne konstrukcije;ID_KONSTRUKCIJE;drug material;8;;8 - drug material
1226;VRSTA_OGREVANJA;Vrsta ogrevanja;ID_OGREVANJE;drugo ogrevanje;3;;3 - drugo ogrevanje
1224;VRSTA_OGREVANJA;Vrsta ogrevanja;ID_OGREVANJE;daljinsko ogrevanje;1;;1 - daljinsko ogrevanje
1225;VRSTA_OGREVANJA;Vrsta ogrevanja;ID_OGREVANJE;centralno ogrevanje;2;;2 - centralno ogrevanje
1227;VRSTA_OGREVANJA;Vrsta ogrevanja;ID_OGREVANJE;ni ogrevanja;4;;4 - ni ogrevanja
1230;TIP_STAVBE;Tip stavbe;ID_TIP_STAVBE;krajna;3;;3 - krajna
1228;TIP_STAVBE;Tip stavbe;ID_TIP_STAVBE;samostoječa;1;;1 - samostoječa
1231;TIP_STAVBE;Tip stavbe;ID_TIP_STAVBE;vmesna;4;;4 - vmesna
4020;TIP_STAVBE;Tip stavbe;ID_TIP_STAVBE;vinska klet, zidanica;5;;5 - vinska klet, zidanica
1233;NACIN_TEMELJENJA;Nacin temeljenja;ID_TEMELJENJE;temeljna plošča;2;;2 - temeljna plošča
1232;NACIN_TEMELJENJA;Nacin temeljenja;ID_TEMELJENJE;pasovni, točkovni temelji;1;;1 - pasovni, točkovni temelji
1234;NACIN_TEMELJENJA;Nacin temeljenja;ID_TEMELJENJE;temeljenje na pilotih, vodnjakih;3;;3 - temeljenje na pilotih, vodnjakih
1235;NACIN_TEMELJENJA;Nacin temeljenja;ID_TEMELJENJE;ni temeljeno;4;;4 - ni temeljeno
1714;LEGA_V_STAVBI;Lega v stavbi;ID_LEGA;pritličje;2;;2 - pritličje
1716;LEGA_V_STAVBI;Lega v stavbi;ID_LEGA;mansarda;4;;4 - mansarda
1717;LEGA_V_STAVBI;Lega v stavbi;ID_LEGA;drugo;5;;5 - drugo
1713;LEGA_V_STAVBI;Lega v stavbi;ID_LEGA;klet;1;;1 - klet
1715;LEGA_V_STAVBI;Lega v stavbi;ID_LEGA;nadstropje;3;;3 - nadstropje
1721;VRSTA_NAJEMA;Vrsta najema;ID_VR_NAJEMA;službeni najem;4;;4 - službeni najem
1718;VRSTA_NAJEMA;Vrsta najema;ID_VR_NAJEMA;ni v najemu;1;;1 - ni v najemu
1719;VRSTA_NAJEMA;Vrsta najema;ID_VR_NAJEMA;neprofitni najem;2;;2 - neprofitni najem
1720;VRSTA_NAJEMA;Vrsta najema;ID_VR_NAJEMA;tržni najem;3;;3 - tržni najem
1722;VRSTA_NAJEMA;Vrsta najema;ID_VR_NAJEMA;namenski najem;5;;5 - namenski najem
1622;DA_NE;Seznam DA, NE;;Da;1;;Da
1623;DA_NE;Seznam DA, NE;;Ne;0;;Ne
1742;TALNE_OBLOGE;Talne obloge;ID_TALNE_OBLOGE;betonski tlak;5;;5 - betonski tlak
1747;TALNE_OBLOGE;Talne obloge;ID_TALNE_OBLOGE;ploščice;10;;10 - ploščice
1738;TALNE_OBLOGE;Talne obloge;ID_TALNE_OBLOGE;tekstilne obloge;1;;1 - tekstilne obloge
1739;TALNE_OBLOGE;Talne obloge;ID_TALNE_OBLOGE;navaden leseni pod;2;;2 - navaden leseni pod
1740;TALNE_OBLOGE;Talne obloge;ID_TALNE_OBLOGE;parket;3;;3 - parket
1741;TALNE_OBLOGE;Talne obloge;ID_TALNE_OBLOGE;naravni kamen;4;;4 - naravni kamen
1743;TALNE_OBLOGE;Talne obloge;ID_TALNE_OBLOGE;asfalt;6;;6 - asfalt
1744;TALNE_OBLOGE;Talne obloge;ID_TALNE_OBLOGE;industrijski tlak;7;;7 - industrijski tlak
1745;TALNE_OBLOGE;Talne obloge;ID_TALNE_OBLOGE;laminat;8;;8 - laminat
1746;TALNE_OBLOGE;Talne obloge;ID_TALNE_OBLOGE;PVC podi;9;;9 - PVC podi
1748;TALNE_OBLOGE;Talne obloge;ID_TALNE_OBLOGE;drugo;11;;11 - drugo
1750;STENSKE_OBLOGE;Stenske obloge;ID_STENSKE_OBLOGE;ometane stene in opleskane stene;2;;2 - ometane stene in opleskane stene
1749;STENSKE_OBLOGE;Stenske obloge;ID_STENSKE_OBLOGE;brez ometa;1;;1 - brez ometa
1751;STENSKE_OBLOGE;Stenske obloge;ID_STENSKE_OBLOGE;lesena obloga;3;;3 - lesena obloga
1752;STENSKE_OBLOGE;Stenske obloge;ID_STENSKE_OBLOGE;ploščice;4;;4 - ploščice
1753;STENSKE_OBLOGE;Stenske obloge;ID_STENSKE_OBLOGE;drugo;5;;5 - drugo
1757;OBDELAVA_STROPA;Obdelava stropa;ID_OBDELAVA_STROPA;spuščen strop;4;;4 - spuščen strop
1754;OBDELAVA_STROPA;Obdelava stropa;ID_OBDELAVA_STROPA;brez stropne konstrukcije;1;;1 - brez stropne konstrukcije
1755;OBDELAVA_STROPA;Obdelava stropa;ID_OBDELAVA_STROPA;neobdelan strop;2;;2 - neobdelan strop
1756;OBDELAVA_STROPA;Obdelava stropa;ID_OBDELAVA_STROPA;ometan in opleskan strop;3;;3 - ometan in opleskan strop
1758;OBDELAVA_STROPA;Obdelava stropa;ID_OBDELAVA_STROPA;drugo;5;;5 - drugo
5516;REN_PROSTORI;Drugi prostori, ki pripadajo stanovanju;ID_PROSTORA;nedokončan prostor;17;10;nedokončan prostor
5517;REN_PROSTORI;Drugi prostori, ki pripadajo stanovanju;ID_PROSTORA;ruševina;18;10;ruševina
5518;REN_PROSTORI;Drugi prostori, ki pripadajo stanovanju;ID_PROSTORA;nerazporejen prostor;99;;nerazporejen prostor
5503;REN_PROSTORI;Drugi prostori, ki pripadajo stanovanju;ID_PROSTORA;prostor za množično uporabo;4;20;prostor za množično uporabo
5501;REN_PROSTORI;Drugi prostori, ki pripadajo stanovanju;ID_PROSTORA;lokal, prodajalna;2;10;lokal, prodajalna
5502;REN_PROSTORI;Drugi prostori, ki pripadajo stanovanju;ID_PROSTORA;poslovni prostor;3;10;poslovni prostor
5504;REN_PROSTORI;Drugi prostori, ki pripadajo stanovanju;ID_PROSTORA;proizvodni in skladiščni prostor;5;20;proizvodni in skladiščni prostor
5505;REN_PROSTORI;Drugi prostori, ki pripadajo stanovanju;ID_PROSTORA;garaža;6;11;garaža
5506;REN_PROSTORI;Drugi prostori, ki pripadajo stanovanju;ID_PROSTORA;garažni parkirni prostor;7;10;garažni parkirni prostor
5507;REN_PROSTORI;Drugi prostori, ki pripadajo stanovanju;ID_PROSTORA;shramba, sušilnica, pralnica;8;5;shramba, sušilnica, pralnica
5508;REN_PROSTORI;Drugi prostori, ki pripadajo stanovanju;ID_PROSTORA;klet;9;;klet
5509;REN_PROSTORI;Drugi prostori, ki pripadajo stanovanju;ID_PROSTORA;odprta terasa, balkon, loža;10;;odprta terasa, balkon, loža
5510;REN_PROSTORI;Drugi prostori, ki pripadajo stanovanju;ID_PROSTORA;zaprta terasa, balkon, loža;11;;zaprta terasa, balkon, loža
5511;REN_PROSTORI;Drugi prostori, ki pripadajo stanovanju;ID_PROSTORA;kmetijski prostor;12;10;kmetijski prostor
5512;REN_PROSTORI;Drugi prostori, ki pripadajo stanovanju;ID_PROSTORA;skupni komunikacijski prostor;13;10;skupni komunikacijski prostor
5513;REN_PROSTORI;Drugi prostori, ki pripadajo stanovanju;ID_PROSTORA;tehnični prostor;14;10;tehnični prostor
5514;REN_PROSTORI;Drugi prostori, ki pripadajo stanovanju;ID_PROSTORA;skupne sanitarije;15;10;skupne sanitarije
5515;REN_PROSTORI;Drugi prostori, ki pripadajo stanovanju;ID_PROSTORA;prostor z omejeno uporabo;16;5;prostor z omejeno uporabo
5500;REN_PROSTORI;Drugi prostori, ki pripadajo stanovanju;ID_PROSTORA;bivalni prostor;1;10;bivalni prostor
1258;REN_GARAZA;Stevilo parkirnih mest in kje se nahajajo;ID_VRSTA;Samostojna zaklenjena garaža;1;;1 - Samostojna zaklenjena garaža
1259;REN_GARAZA;Stevilo parkirnih mest in kje se nahajajo;ID_VRSTA;Parkirno mesto v stavbi;2;;2 - Parkirno mesto v stavbi
1260;REN_GARAZA;Stevilo parkirnih mest in kje se nahajajo;ID_VRSTA;Parkirno mesto na prostem zagotovljeno;3;;3 - Parkirno mesto na prostem zagotovljeno
1261;REN_GARAZA;Stevilo parkirnih mest in kje se nahajajo;ID_VRSTA;Parkirno mesto ni zagotovljeno;4;;4 - Parkirno mesto ni zagotovljeno
1264;REN_IZOLACIJA;Dodatne izolacije;ID_IZOLACIJE;Brez izolacije;3;;3 - brez izolacije
1262;REN_IZOLACIJA;Dodatne izolacije;ID_IZOLACIJE;Toplotna izolacija;1;;1 - toplotna izolacija
1263;REN_IZOLACIJA;Dodatne izolacije;ID_IZOLACIJE;Zvočna izolacija;2;;2 - zvočna izolacija
3563;CC_SI;Dejanska raba;DEJANSKA_RABA;Tovorni terminal;1241010;;1241010 tovorni terminal
1214;CC_SI;Dejanska raba;DEJANSKA_RABA;Prevzgojni dom, zapor, vojašnica, prostor za nastanitev policistov, gasilcev;1274001;;1274001 prevzgojni dom, zapor, vojašnica, prostor za nastanitev policistov, gasilcev
1706;CC_SI;Dejanska raba;DEJANSKA_RABA;Čebelnjak;1271203;;1271203 čebelnjak
1709;CC_SI;Dejanska raba;DEJANSKA_RABA;Cestninska postaja;1274004;;1274004 cestninska postaja
1712;CC_SI;Dejanska raba;DEJANSKA_RABA;Čistilna naprava;1274009;;1274009 čistilna naprava
3521;CC_SI;Dejanska raba;DEJANSKA_RABA;Nedokončano stanovanje v stavbi z enim ali dvema stanovanjema;1110000;;1110000 nedokončano stanovanje v stavbi z enim ali dvema stanovanjema
3522;CC_SI;Dejanska raba;DEJANSKA_RABA;Nedokončano stanovanje v stavbi z več stanovanji;1120000;;1120000 nedokončano stanovanje v stavbi z več stanovanji
3524;CC_SI;Dejanska raba;DEJANSKA_RABA;Nadstreški na mejnih prehodih;1220102;;1220102 nadstreški na mejnih prehodih
3525;CC_SI;Dejanska raba;DEJANSKA_RABA;Nepokrito parkirišče;1242006;;1242006 nepokrito parkirišče
3526;CC_SI;Dejanska raba;DEJANSKA_RABA;Rezervoar za nevarne tekočine;1252004;;1252004 rezervoar za nevarne tekočine
3527;CC_SI;Dejanska raba;DEJANSKA_RABA;Silos za druge nevarne snovi - razsuti tovor;1252005;;1252005 silos za druge nevarne snovi - razsuti tovor
3528;CC_SI;Dejanska raba;DEJANSKA_RABA;Silos za poljske pridelke - razsuti tovor;1252006;;1252006 silos za poljske pridelke - razsuti tovor
3529;CC_SI;Dejanska raba;DEJANSKA_RABA;Silos za suhe snovi - razsuti tovor;1252007;;1252007 silos za suhe snovi - razsuti tovor
3530;CC_SI;Dejanska raba;DEJANSKA_RABA;Rezervoar za nenevarne tekočine;1252008;;1252008 rezervoar za nenevarne tekočine
3531;CC_SI;Dejanska raba;DEJANSKA_RABA;Rezervoar za vodo;1252009;;1252009 rezervoar za vodo
3532;CC_SI;Dejanska raba;DEJANSKA_RABA;Rezervoar za plin;1252010;;1252010 rezervoar za plin
3533;CC_SI;Dejanska raba;DEJANSKA_RABA;Arhiv;1262002;;1262002 arhiv
3534;CC_SI;Dejanska raba;DEJANSKA_RABA;Atelje;1262003;;1262003 atelje
3535;CC_SI;Dejanska raba;DEJANSKA_RABA;Pokrit plavalni bazen;1265003;;1265003 pokrit plavalni bazen
3536;CC_SI;Dejanska raba;DEJANSKA_RABA;Tehtnica vozil;1274013;;1274013 tehtnica vozil
3537;CC_SI;Dejanska raba;DEJANSKA_RABA;Sanitarije;1274014;;1274014 sanitarije
3538;CC_SI;Dejanska raba;DEJANSKA_RABA;Shramba;1274015;;1274015 shramba
3539;CC_SI;Dejanska raba;DEJANSKA_RABA;Terasa;1274016;;1274016 terasa
3540;CC_SI;Dejanska raba;DEJANSKA_RABA;Balkon, loža;1274017;;1274017 balkon, loža
3541;CC_SI;Dejanska raba;DEJANSKA_RABA;Drvarnica;1274018;;1274018 drvarnica
3542;CC_SI;Dejanska raba;DEJANSKA_RABA;Sušilnica, pralnica;1274019;;1274019 sušilnica, pralnica
3543;CC_SI;Dejanska raba;DEJANSKA_RABA;Stopnišče, hodnik;1274020;;1274020 stopnišče, hodnik
3544;CC_SI;Dejanska raba;DEJANSKA_RABA;Podstrešje;1274021;;1274021 podstrešje
3545;CC_SI;Dejanska raba;DEJANSKA_RABA;Ostali prostori stanovanja;1274022;;1274022 ostali prostori stanovanja
3546;CC_SI;Dejanska raba;DEJANSKA_RABA;Zavetišče in hotel za živali;1274023;;1274023 zavetišče in hotel za živali 
3547;CC_SI;Dejanska raba;DEJANSKA_RABA;Pokrito vojaško in podobno strelišče;1274024;;1274024 pokrito vojaško in podobno strelišče
1658;CC_SI;Dejanska raba;DEJANSKA_RABA;Bivalna enota v stavbi za posebne namene;1130001;;1130001 bivalna enota v stavbi za posebne namene
1630;CC_SI;Dejanska raba;DEJANSKA_RABA;Stanovanje, ki se nahaja v krajni vrstni hiši;1110002;;1110002 stanovanje, ki se nahaja v krajni vrstni hiši
1185;CC_SI;Dejanska raba;DEJANSKA_RABA;Prostori za pridobivanje, predelavo radioaktivnih snovi;1251004;;1251004 prostori za pridobivanje, predelavo radioaktivnih snovi
1183;CC_SI;Dejanska raba;DEJANSKA_RABA;Elektrarna;1251002;;1251002 elektrarna
1191;CC_SI;Dejanska raba;DEJANSKA_RABA;Hladilnice in specializirana skladišča;1252003;;1252003 hladilnice in specializirana skladišča
1634;CC_SI;Dejanska raba;DEJANSKA_RABA;Stanovanje v vmesni vrstni hiši z dvema stanovanjema;1121003;;1121003 stanovanje v vmesni vrstni hiši z dvema stanovanjema
1199;CC_SI;Dejanska raba;DEJANSKA_RABA;Klinika, ambulanta;1264002;;1264002 klinika, ambulanta
3548;CC_SI;Dejanska raba;DEJANSKA_RABA;Nedokončan industrijski del stavbe;1251000;;1251000 nedokončan industrijski del stavbe
3523;CC_SI;Dejanska raba;DEJANSKA_RABA;Nedokončan nestanovanjski del stavbe;1200000;;1200000 nedokončan nestanovanjski del stavbe
1297;CC_SI;Dejanska raba;DEJANSKA_RABA;Skupna raba;13;;13 skupna raba
3549;CC_SI;Dejanska raba;DEJANSKA_RABA;Stanovanje v večstanovanjski stavbi ali stanovanjsko poslovni stavbi;1122100;;1122100 stanovanje v večstanovanjski stavbi ali stanovanjsko poslovni stavbi
1197;CC_SI;Dejanska raba;DEJANSKA_RABA;Prostor za izobraževanje in usposabljanje otrok s posebnimi potrebami;1263004;;1263004 prostor za izobraževanje in usposabljanje otrok s posebnimi potrebami
1204;CC_SI;Dejanska raba;DEJANSKA_RABA;Rastlinjak;1271101;;1271101 rastlinjak
1215;CC_SI;Dejanska raba;DEJANSKA_RABA;Nadstrešnica;1274002;;1274002 nadstrešnica
1632;CC_SI;Dejanska raba;DEJANSKA_RABA;Stanovanje v samostoječi stavbi z dvema stanovanjema;1121001;;1121001 stanovanje v samostoječi stavbi z dvema stanovanjema
1683;CC_SI;Dejanska raba;DEJANSKA_RABA;Avtosalon;1230103;;1230103 avtosalon
1688;CC_SI;Dejanska raba;DEJANSKA_RABA;Sejemska dvorana, razstavišče;1230201;;1230201 sejemska dvorana, razstavišče
1695;CC_SI;Dejanska raba;DEJANSKA_RABA;Postaja žičnice;1241002;;1241002 postaja žičnice
1701;CC_SI;Dejanska raba;DEJANSKA_RABA;Koksarna, plinarna;1251008;;1251008 koksarna, plinarna
1707;CC_SI;Dejanska raba;DEJANSKA_RABA;Vinska klet, zidanica;1271302;;1271302 vinska klet, zidanica
1124;CC_SI;Dejanska raba;DEJANSKA_RABA;Telekomunikacijski center, oddajnik;1241005;;1241005 telekomunikacijski center, oddajnik
1141;CC_SI;Dejanska raba;DEJANSKA_RABA;Hanger, baza, remiza;1241006;;1241006 hanger, baza, remiza
1155;CC_SI;Dejanska raba;DEJANSKA_RABA;garaža v garažni hiši;1242002;;1242002 garaža v garažni hiši
1200;CC_SI;Dejanska raba;DEJANSKA_RABA;Veterinarska klinika;1264004;;1264004 veterinarska klinika
1629;CC_SI;Dejanska raba;DEJANSKA_RABA;Stanovanje v samostoječi stavbi z enim stanovanjem;1110001;;1110001 stanovanje v samostoječi stavbi z enim stanovanjem
3501;CC_SI;Dejanska raba;DEJANSKA_RABA;Penzion, gostišče;1211103;;1211103 penzion, gostišče
3503;CC_SI;Dejanska raba;DEJANSKA_RABA;Bencinski servis za veleprodajo;1230302;;1230302 bencinski servis za veleprodajo
1631;CC_SI;Dejanska raba;DEJANSKA_RABA;Stanovanje, ki se nahaja v vmesni vrstni hiši;1110003;;1110003 stanovanje, ki se nahaja v vmesni vrstni hiši
1633;CC_SI;Dejanska raba;DEJANSKA_RABA;Stanovanje v krajni vrstni hiši z dvema stanovanjema;1121002;;1121002 stanovanje v krajni vrstni hiši z dvema stanovanjema
1680;CC_SI;Dejanska raba;DEJANSKA_RABA;Veleposlaništva in konzularna predstavništva;1220302;;1220302 veleposlaništva in konzularna predstavništva
1681;CC_SI;Dejanska raba;DEJANSKA_RABA;Nakupovalni center;1230101;;1230101 nakupovalni center
1682;CC_SI;Dejanska raba;DEJANSKA_RABA;Pokrita tržnica;1230102;;1230102 pokrita tržnica
1684;CC_SI;Dejanska raba;DEJANSKA_RABA;Prodajalna;1230104;;1230104 prodajalna
1685;CC_SI;Dejanska raba;DEJANSKA_RABA;prodajalna polizdelkov;1230105;;1230105 prodajalna polizdelkov
1686;CC_SI;Dejanska raba;DEJANSKA_RABA;Kiosk;1230106;;1230106 kiosk
1689;CC_SI;Dejanska raba;DEJANSKA_RABA;Bencinski servis za maloprodajo;1230301;;1230301 bencinski servis za maloprodajo
1690;CC_SI;Dejanska raba;DEJANSKA_RABA;Prostori za storitvene dejavnosti;1230401;;1230401 prostori za storitvene dejavnosti
1691;CC_SI;Dejanska raba;DEJANSKA_RABA;Avtopralnica;1230402;;1230402 avtopralnica
1693;CC_SI;Dejanska raba;DEJANSKA_RABA;Prostori za oskrbo in nego hišnih živali;1230404;;1230404 prostori za oskrbo in nego hišnih živali
1694;CC_SI;Dejanska raba;DEJANSKA_RABA;Prostori za pristanišča;1241001;;1241001 prostori za pristanišča
1696;CC_SI;Dejanska raba;DEJANSKA_RABA;Prostori za krajevna pristanišča;1241003;;1241003 prostori za krajevna pristanišča
1697;CC_SI;Dejanska raba;DEJANSKA_RABA;Kontrolni stolp;1241004;;1241004 kontrolni stolp
1698;CC_SI;Dejanska raba;DEJANSKA_RABA;garaža;1242001;;1242001 garaža
1699;CC_SI;Dejanska raba;DEJANSKA_RABA;Pokrito parkirišče;1242003;;1242003 pokrito parkirišče
1700;CC_SI;Dejanska raba;DEJANSKA_RABA;Gasilski dom;1242005;;1242005 gasilski dom
1702;CC_SI;Dejanska raba;DEJANSKA_RABA;Skladišča;1252002;;1252002 skladišča
1703;CC_SI;Dejanska raba;DEJANSKA_RABA;Muzej, knjižnica;1262001;;1262001 muzej, knjižnica
1704;CC_SI;Dejanska raba;DEJANSKA_RABA;Prostor za neinstitucionalno izobraževanje;1263002;;1263002 prostor za neinstitucionalno izobraževanje
1705;CC_SI;Dejanska raba;DEJANSKA_RABA;Zdravilišče;1264003;;1264003 zdravilišče
1708;CC_SI;Dejanska raba;DEJANSKA_RABA;Versko znamenje;1272102;;1272102 versko znamenje
1710;CC_SI;Dejanska raba;DEJANSKA_RABA;Zaklonišče;1274005;;1274005 zaklonišče
1711;CC_SI;Dejanska raba;DEJANSKA_RABA;Transformator, transformatorska postaja;1274006;;1274006 transformator, transformatorska postaja
1895;CC_SI;Dejanska raba;DEJANSKA_RABA;Kurilnica;1274012;;1274012 kurilnica
3561;CC_SI;Dejanska raba;DEJANSKA_RABA;Ruševina;1280001;;1280001 ruševina
3562;CC_SI;Dejanska raba;DEJANSKA_RABA;Nestavba;1290001;;1290001 nestavba
1333;CC_SI;Dejanska raba;DEJANSKA_RABA;STANOVANJSKA;11;;
1334;CC_SI;Dejanska raba;DEJANSKA_RABA;NESTANOVANJSKA;12;;
3504;CC_SI;Dejanska raba;DEJANSKA_RABA;Spremljajoči objekti za prodajo bencina in drugih motornih goriv;1230303;;1230303 spremljajoči objekti za prodajo bencina in drugih motornih goriv
1657;CC_SI;Dejanska raba;DEJANSKA_RABA;Oskrbovano stanovanje;1122201;;1122201 oskrbovano stanovanje
1562;CC_SI;Dejanska raba;DEJANSKA_RABA;Vodno zajetje;1274008;;1274008 vodno zajetje
1563;CC_SI;Dejanska raba;DEJANSKA_RABA;Bunker;1274010;;1274010 bunker
1564;CC_SI;Dejanska raba;DEJANSKA_RABA;Prostori za izkoriščanje mineralnih surovin;1274011;;1274011 prostor za izkoriščanje mineralnih surovin
1663;CC_SI;Dejanska raba;DEJANSKA_RABA;Hotel, motel;1211101;;1211101 hotel, motel
1664;CC_SI;Dejanska raba;DEJANSKA_RABA;Bife;1211201;;1211201 bife
1675;CC_SI;Dejanska raba;DEJANSKA_RABA;Restavracija, gostilna;1211202;;1211202 restavracija, gostilna
1676;CC_SI;Dejanska raba;DEJANSKA_RABA;Koča, dom;1212001;;1212001 koča, dom
1677;CC_SI;Dejanska raba;DEJANSKA_RABA;Poslovni prostori javne uprave;1220101;;1220101 poslovni prostori javne uprave
1678;CC_SI;Dejanska raba;DEJANSKA_RABA;Banka, pošta, zavarovalnica;1220201;;1220201 banka, pošta, zavarovalnica
1679;CC_SI;Dejanska raba;DEJANSKA_RABA;Poslovni prostori;1220301;;1220301 poslovni prostori
3505;CC_SI;Dejanska raba;DEJANSKA_RABA;Letališče;1241007;;1241007 letališče
3506;CC_SI;Dejanska raba;DEJANSKA_RABA;Železniška postaja;1241008;;1241008 železniška postaja
3507;CC_SI;Dejanska raba;DEJANSKA_RABA;Avtobusna postaja;1241009;;1241009 avtobusna postaja
1157;CC_SI;Dejanska raba;DEJANSKA_RABA;Kolesarnica, čolnarna;1242004;;1242004 kolesarnica, čolnarna
1159;CC_SI;Dejanska raba;DEJANSKA_RABA;Industrijski del stavbe;1251001;;1251001 industrijski del stavbe
1184;CC_SI;Dejanska raba;DEJANSKA_RABA;Prostori za proizvodnjo izdelkov za gradbeništvo;1251003;;1251003 prostori za proizvodnjo izdelkov za gradbeništvo
1186;CC_SI;Dejanska raba;DEJANSKA_RABA;Sežigalnica odpadkov;1251005;;1251005 sežigalnica odpadkov
1187;CC_SI;Dejanska raba;DEJANSKA_RABA;Prostori za kemično in petrokemično proizvodnjo;1251006;;1251006 prostori za kemično in petrokemično proizvodnjo
1188;CC_SI;Dejanska raba;DEJANSKA_RABA;Terminal za ogljikovodike in utekočinjen zemeljski plin;1251007;;1251007 terminal za ogljikovodike in utekočinjen zemeljski plin
1189;CC_SI;Dejanska raba;DEJANSKA_RABA;Plavž, valjarna, topilnica;1251009;;1251009 plavž, valjarna, topilnica
1190;CC_SI;Dejanska raba;DEJANSKA_RABA;Rezervoarji za tekoče naftne derivate;1252001;;1252001 rezervoarji za tekoče naftne derivate
1192;CC_SI;Dejanska raba;DEJANSKA_RABA;Dvorana za družabne prireditve;1261001;;1261001 dvorana za družabne prireditve
1193;CC_SI;Dejanska raba;DEJANSKA_RABA;Prostor za razvedrilo;1261002;;1261002 prostor za razvedrilo
1194;CC_SI;Dejanska raba;DEJANSKA_RABA;Paviljon, prostor za živali in rastline v živalskih in botaničnih vrtovih;1261003;;1261003 paviljon, prostor za živali in rastline v živalskih in botaničnih vrtovih
1195;CC_SI;Dejanska raba;DEJANSKA_RABA;Šola, vrtec;1263001;;1263001 šola, vrtec
1196;CC_SI;Dejanska raba;DEJANSKA_RABA;Prostor za znanstvenoraziskovalno delo;1263003;;1263003 prostor za znanstvenoraziskovalno delo
1198;CC_SI;Dejanska raba;DEJANSKA_RABA;Prostor za zdravstvo;1264001;;1264001 prostor za zdravstvo
1201;CC_SI;Dejanska raba;DEJANSKA_RABA;Prostor za nastanitev, nego, zdravstveno in veterinarsko oskrbo;1264005;;1264005 prostor za nastanitev, nego, zdravstveno in veterinarsko oskrbo
1202;CC_SI;Dejanska raba;DEJANSKA_RABA;Športna dvorana;1265001;;1265001 športna dvorana
1203;CC_SI;Dejanska raba;DEJANSKA_RABA;Pokrit prostor za šport in prireditve;1265002;;1265002 pokrit prostor za šport in prireditve
1205;CC_SI;Dejanska raba;DEJANSKA_RABA;Farma;1271201;;1271201 farma
1206;CC_SI;Dejanska raba;DEJANSKA_RABA;Hlev;1271202;;1271202 hlev
1207;CC_SI;Dejanska raba;DEJANSKA_RABA;Prostor za spravilo pridelka;1271301;;1271301 prostor za spravilo pridelka
1208;CC_SI;Dejanska raba;DEJANSKA_RABA;Drug kmetijski del stavbe;1271401;;1271401 drug kmetijski del stavbe
1209;CC_SI;Dejanska raba;DEJANSKA_RABA;Cerkev, molilnica;1272101;;1272101 cerkev, molilnica
1210;CC_SI;Dejanska raba;DEJANSKA_RABA;Prostor za pastoralno dejavnost;1272103;;1272103 prostor za pastoralno dejavnost
1211;CC_SI;Dejanska raba;DEJANSKA_RABA;Pokopališki del stavbe;1272201;;1272201 pokopališki del stavbe
1418;CC_SI;Dejanska raba;DEJANSKA_RABA;Klet;1274003;;1274003 klet
1419;CC_SI;Dejanska raba;DEJANSKA_RABA;Vodni stolp;1274007;;1274007 vodni stolp
1966;NAMENSKA_RABA;Šifrant namenskih rab;;razpršena gradnja;11200;;
1968;NAMENSKA_RABA;Šifrant namenskih rab;;druga kmetijska zemljišča;20200;;
1969;NAMENSKA_RABA;Šifrant namenskih rab;;gozdna zemljišča;30100;;
1970;NAMENSKA_RABA;Šifrant namenskih rab;;območja voda;40000;;
1971;NAMENSKA_RABA;Šifrant namenskih rab;;območja površinskih voda;40100;;
1972;NAMENSKA_RABA;Šifrant namenskih rab;;celinske vode;40110;;
1977;NAMENSKA_RABA;Šifrant namenskih rab;;površine podzemnega pridobivalnega prostore s površinskim vplivom, ki omogoča drugo rabo;50120;;
1973;NAMENSKA_RABA;Šifrant namenskih rab;;morje;40120;;
1974;NAMENSKA_RABA;Šifrant namenskih rab;;območje vodne infrastrukture;40200;;
1976;NAMENSKA_RABA;Šifrant namenskih rab;;površine nadzemnega pridobivalnega prostore;50110;;
1978;NAMENSKA_RABA;Šifrant namenskih rab;;območje za potrebe varstva pred naravnimi in drugimi nesrečami;50200;;
1979;NAMENSKA_RABA;Šifrant namenskih rab;;območja za potrebe obrambe zunaj naselij;50300;;
1980;NAMENSKA_RABA;Šifrant namenskih rab;;ostala območja;50400;;
1832;NAMENSKA_RABA;Šifrant namenskih rab;;območja stavbnih zemljišč;10000;;
1932;NAMENSKA_RABA;Šifrant namenskih rab;;območja stanovanj;10100;;
1943;NAMENSKA_RABA;Šifrant namenskih rab;;površine z objekti za kmetijsko proizvodnjo;10330;;
1945;NAMENSKA_RABA;Šifrant namenskih rab;;površine za turizem;10410;;
1947;NAMENSKA_RABA;Šifrant namenskih rab;;športni centri;10430;;
1948;NAMENSKA_RABA;Šifrant namenskih rab;;območja zelenih površin;10500;;
1950;NAMENSKA_RABA;Šifrant namenskih rab;;parki;10520;;
1951;NAMENSKA_RABA;Šifrant namenskih rab;;površine za vrtičkarstvo;10530;;
1952;NAMENSKA_RABA;Šifrant namenskih rab;;druge urejene zelene površine;10540;;
1953;NAMENSKA_RABA;Šifrant namenskih rab;;pokopališča;10550;;
1955;NAMENSKA_RABA;Šifrant namenskih rab;;površine cest ;10610;;
1956;NAMENSKA_RABA;Šifrant namenskih rab;;površine železnic;10620;;
1933;NAMENSKA_RABA;Šifrant namenskih rab;;stanovanjske površine;10110;;
3250;NAMENSKA_RABA;Šifrant namenskih rab;;površine cest - zemljišče za gradnjo stavb ;10611;;
3254;NAMENSKA_RABA;Šifrant namenskih rab;;površine za vrtičkarstvo - zemljišče za gradnjo stavb;10531;;
3266;NAMENSKA_RABA;Šifrant namenskih rab;;druga območja centralnih dejavnosti - zemljišče za gradnjo stavb;10221;;
3268;NAMENSKA_RABA;Šifrant namenskih rab;;območja centralnih dejavnosti - zemljišče za gradnjo stavb;10201;;
3271;NAMENSKA_RABA;Šifrant namenskih rab;;stanovanjske površina za posebne namene - zemljišče za gradnjo stavb;10121;;
3273;NAMENSKA_RABA;Šifrant namenskih rab;;območja stanovanj - zemljišče za gradnjo stavb;10101;;
3242;NAMENSKA_RABA;Šifrant namenskih rab;;območja okoljske infrastrukture - zemljišče za gradnjo stavb;10901;;
3248;NAMENSKA_RABA;Šifrant namenskih rab;;letališča - zemljišče za gradnjo stavb;10631;;
3251;NAMENSKA_RABA;Šifrant namenskih rab;;območja prometne infrastrukture - zemljišče za gradnjo stavb;10601;;
3252;NAMENSKA_RABA;Šifrant namenskih rab;;pokopališča - zemljišče za gradnjo stavb;10551;;
3255;NAMENSKA_RABA;Šifrant namenskih rab;;parki - zemljišče za gradnjo stavb;10521;;
3259;NAMENSKA_RABA;Šifrant namenskih rab;;površine drugih območij - zemljišče za gradnjo stavb;10421;;
3264;NAMENSKA_RABA;Šifrant namenskih rab;;površine za industrijo - zemljišče za gradnjo stavb;10311;;
3269;NAMENSKA_RABA;Šifrant namenskih rab;;površine počitniških hiš - zemljišče za gradnjo stavb;10141;;
3274;NAMENSKA_RABA;Šifrant namenskih rab;;območja stavbnih zemljišč - zemljišče za gradnjo;10001;;
3241;NAMENSKA_RABA;Šifrant namenskih rab;;območja za potrebe obrambe v naselju - zemljišče za gradnjo stavb;11001;;
3240;NAMENSKA_RABA;Šifrant namenskih rab;;površine razpršene poselitve - zemljišče za gradnjo stavb;11101;;
3244;NAMENSKA_RABA;Šifrant namenskih rab;;območja komunikacijske infrastrukture - zemljišče za gradnjo stavb;10701;;
3247;NAMENSKA_RABA;Šifrant namenskih rab;;helioporti - zemljišče za gradnjo stavb;10641;;
3249;NAMENSKA_RABA;Šifrant namenskih rab;;površine železnic - zemljišče za gradnjo stavb;10621;;
3253;NAMENSKA_RABA;Šifrant namenskih rab;;druge urejene zelene površine - zemljišče za gradnjo stavb;10541;;
3256;NAMENSKA_RABA;Šifrant namenskih rab;;površine za oddih, rekreacijo in šport - zemljišče za gradnjo;10511;;
3258;NAMENSKA_RABA;Šifrant namenskih rab;;športni centri - zemljišče za gradnjo stavb;10431;;
3260;NAMENSKA_RABA;Šifrant namenskih rab;;površine za turizem - zemljišče za gradnjo stavb;10411;;
3257;NAMENSKA_RABA;Šifrant namenskih rab;;območja zelenih površin  - zemljišče za gradnjo stavb- ;10501;;
3261;NAMENSKA_RABA;Šifrant namenskih rab;;posebna območja - zemljišče za gradnjo stavb;10401;;
3263;NAMENSKA_RABA;Šifrant namenskih rab;;gospodarske cone - zemljišče za gradnjo stavb;10321;;
3267;NAMENSKA_RABA;Šifrant namenskih rab;;osrednja območja centralnih dejavnosti - zemljišče za gradnjo stavb;10211;;
3270;NAMENSKA_RABA;Šifrant namenskih rab;;površine podeželjskega naselja - zemljišče za gradnjo stavb;10131;;
3272;NAMENSKA_RABA;Šifrant namenskih rab;;stanovanjske površine - zemljišče za gradnjo stavb;10111;;
3239;NAMENSKA_RABA;Šifrant namenskih rab;;razpršena gradnja - zemljišče za gradnjo stavb;11201;;
3243;NAMENSKA_RABA;Šifrant namenskih rab;;območja energetske strukture - zemljišče za gradnjo stavb;10801;;
3245;NAMENSKA_RABA;Šifrant namenskih rab;;ostale prometne površine - zemljišče za gradnjo stavb;10661;;
3246;NAMENSKA_RABA;Šifrant namenskih rab;;pristanišča - zemljišče za gradnjo stavb;10651;;
3262;NAMENSKA_RABA;Šifrant namenskih rab;;površine z objekti za kmetijsko proizvodnjo - zemljišče za gradnjo stavb;10331;;
3265;NAMENSKA_RABA;Šifrant namenskih rab;;območja proizvodnih dejavnosti - zemljišče za gradnjo stavb;10301;;
1834;NAMENSKA_RABA;Šifrant namenskih rab;;območja gozdnih zemljišč;30000;;
1934;NAMENSKA_RABA;Šifrant namenskih rab;;stanovanjske površine za posebne namene;10120;;
1938;NAMENSKA_RABA;Šifrant namenskih rab;;osrednja območja centralnih dejavnosti;10210;;
1942;NAMENSKA_RABA;Šifrant namenskih rab;;gospodarske cone;10320;;
1944;NAMENSKA_RABA;Šifrant namenskih rab;;posebna območja;10400;;
1946;NAMENSKA_RABA;Šifrant namenskih rab;;površine drugih območij;10420;;
1949;NAMENSKA_RABA;Šifrant namenskih rab;;površine za oddih, rekreacijo in šport;10510;;
1954;NAMENSKA_RABA;Šifrant namenskih rab;;območja prometne infrastrukture;10600;;
1961;NAMENSKA_RABA;Šifrant namenskih rab;;območja komunikacijske infrastrukture;10700;;
1964;NAMENSKA_RABA;Šifrant namenskih rab;;območja za potrebe obrambe v naselju;11000;;
1967;NAMENSKA_RABA;Šifrant namenskih rab;;najboljša kmetijska zemljišča;20100;;
1975;NAMENSKA_RABA;Šifrant namenskih rab;;območja mineralnih snovi;50100;;
1833;NAMENSKA_RABA;Šifrant namenskih rab;;območja kmetijskih zemljišč;20000;;
1835;NAMENSKA_RABA;Šifrant namenskih rab;;območja drugih zemljišč;50000;;
1935;NAMENSKA_RABA;Šifrant namenskih rab;;površine podeželjskega naselja;10130;;
1936;NAMENSKA_RABA;Šifrant namenskih rab;;površine počitniških hiš;10140;;
1937;NAMENSKA_RABA;Šifrant namenskih rab;;območja centralnih dejavnosti;10200;;
1939;NAMENSKA_RABA;Šifrant namenskih rab;;druga območja centralnih dejavnosti;10220;;
1940;NAMENSKA_RABA;Šifrant namenskih rab;;območja proizvodnih dejavnosti;10300;;
1941;NAMENSKA_RABA;Šifrant namenskih rab;;površine za industrijo;10310;;
1957;NAMENSKA_RABA;Šifrant namenskih rab;;letališča;10630;;
1958;NAMENSKA_RABA;Šifrant namenskih rab;;helioporti;10640;;
1959;NAMENSKA_RABA;Šifrant namenskih rab;;pristanišča;10650;;
1960;NAMENSKA_RABA;Šifrant namenskih rab;;ostale prometne površine;10660;;
1962;NAMENSKA_RABA;Šifrant namenskih rab;;območja energetske strukture;10800;;
1963;NAMENSKA_RABA;Šifrant namenskih rab;;območja okoljske infrastrukture;10900;;
1965;NAMENSKA_RABA;Šifrant namenskih rab;;površine razpršene poselitve;11100;;
3553;DEJANSKA RABA;Šifrant dejanskih rab;;Hmeljišče;1160;;Hmeljišče
3554;DEJANSKA RABA;Šifrant dejanskih rab;;Trajne rastline na njivskih površinah;1180;;Trajne rastline na njivskih površinah
3555;DEJANSKA RABA;Šifrant dejanskih rab;;Vinograd;1211;;Vinograd
3556;DEJANSKA RABA;Šifrant dejanskih rab;;Matičnjak;1212;;Matičnjak
3557;DEJANSKA RABA;Šifrant dejanskih rab;;Intenzivni sadovnjak;1221;;Intenzivni sadovnjak
3558;DEJANSKA RABA;Šifrant dejanskih rab;;Oljčnik;1230;;Oljčnik
3559;DEJANSKA RABA;Šifrant dejanskih rab;;Ostali trajni nasadi;1240;;Ostali trajni nasadi
3560;DEJANSKA RABA;Šifrant dejanskih rab;;Plantaža gozdnega drevja;1420;;Plantaža gozdnega drevja
1565;DEJANSKA RABA;Šifrant dejanskih rab;;Kmetijsko zemljišče;1000;;Kmetijsko zemljišče
1566;DEJANSKA RABA;Šifrant dejanskih rab;;Gozdno zemljišče;2000;;Gozdno zemljišče
1567;DEJANSKA RABA;Šifrant dejanskih rab;;Pozidano zemljišče;3000;;Pozidano zemljišče
1568;DEJANSKA RABA;Šifrant dejanskih rab;;Vodno zemljišče;4000;;Vodno zemljišče
1569;DEJANSKA RABA;Šifrant dejanskih rab;;Neplodno zemljišče;5000;;Neplodno zemljišče
3550;MODELI;Sifrant modelov;;ZEM. ZA GRADNJO;;ZGS;Zemljišča za gradnjo stavb
1993;MODELI;Sifrant modelov;;STANOVANJA;;STA;Stanovanja
1994;MODELI;Sifrant modelov;;HIŠE;;HIS;Eno in dvostanovanjske stavbe
1995;MODELI;Sifrant modelov;;GARAŽE;;GAR;Garaže
1996;MODELI;Sifrant modelov;;LOKALI;;PPL;Lokali
1997;MODELI;Sifrant modelov;;PISARNE;;PPP;Pisarne
1998;MODELI;Sifrant modelov;;INDUSTRIJA;;IND;Nepremičnine za industrijsko proizvodnjo
1999;MODELI;Sifrant modelov;;TEŽ. INDUSTRIJA;;INP;Nepremičnine za posebno industrijsko proizvodnjo
2000;MODELI;Sifrant modelov;;ZIDANICE;;PKZ;Posebne kmetijske nepremičnine - zidanice
2001;MODELI;Sifrant modelov;;KMET. STAVBE;;PKO;Posebne kmetijske nepremičnine - ostalo
2002;MODELI;Sifrant modelov;;JAVNA RABA;;PNJ;Druge posebne nepremičnine za javno rabo
2003;MODELI;Sifrant modelov;;DRUGE STAVBE;;PND;Druge posebne nepremičnine
2005;MODELI;Sifrant modelov;;POZIDANA ZEM.;;PSZ;Pozidana zemljišča
2006;MODELI;Sifrant modelov;;KMETIJSKA ZEM.;;KME;Kmetijska zemljišča
2007;MODELI;Sifrant modelov;;GOZDNA ZEM.;;GOZ;Gozdna zemljišča
2008;MODELI;Sifrant modelov;;DRUGA ZEM.;;ZDR;Druga zemljišča
2009;MODELI;Sifrant modelov;;ELEKTRARNE;;PNE;Nepremičnine za proizvodnjo električne energije
2010;MODELI;Sifrant modelov;;RUDNIKI;;PNM;Nepremičnine za izkoriščanje mineralnih surovin
2011;MODELI;Sifrant modelov;;PRISTANIŠČA;;PNP;Pristanišča
2012;MODELI;Sifrant modelov;;ČRPALKE;;PNB;Bencinski servisi
2013;MODELI;Sifrant modelov;;POSEBNE;;PPN;Podskupine posebnih nepremičnin
4001;DEJANSKA_RABA;Dejanska raba stavbe;DEJANSKA_RABA;stanovanjska raba;11;;11 - stanovanjska raba
4002;DEJANSKA_RABA;Dejanska raba stavbe;DEJANSKA_RABA;nestanovanjska raba;12;;12 - nestanovanjska raba
5000;CC_SI_NOVE;Nove dejanske rabe;DEJANSKA_RABA;Stanovanje v enostanovanjski stavbi;1;;1 Stanovanje v enostanovanjski stavbi
5001;CC_SI_NOVE;Nove dejanske rabe;DEJANSKA_RABA;Stanovanje;2;;2 Stanovanje
5002;CC_SI_NOVE;Nove dejanske rabe;DEJANSKA_RABA;Oskrbovano stanovanje;3;;3 Oskrbovano stanovanje
5003;CC_SI_NOVE;Nove dejanske rabe;DEJANSKA_RABA;Bivalna enota;4;;4 Bivalna enota
5004;CC_SI_NOVE;Nove dejanske rabe;DEJANSKA_RABA;Koča, dom;5;;5 Koča, dom
5005;CC_SI_NOVE;Nove dejanske rabe;DEJANSKA_RABA;Nastanitveni gostinski obrat;6;;6 Nastanitveni gostinski obrat
5006;CC_SI_NOVE;Nove dejanske rabe;DEJANSKA_RABA;Prehrambni gostinski obrat;7;;7 Prehrambni gostinski obrat
5007;CC_SI_NOVE;Nove dejanske rabe;DEJANSKA_RABA;Poslovni prostor javne uprave;8;;8 Poslovni prostor javne uprave
5008;CC_SI_NOVE;Nove dejanske rabe;DEJANSKA_RABA;Poslovni del stavbe;9;;9 Poslovni del stavbe
5009;CC_SI_NOVE;Nove dejanske rabe;DEJANSKA_RABA;Trgovski del stavbe;10;;10 Trgovski del stavbe
5010;CC_SI_NOVE;Nove dejanske rabe;DEJANSKA_RABA;Bencinski servis;11;;11 Bencinski servis
5011;CC_SI_NOVE;Nove dejanske rabe;DEJANSKA_RABA;Del stavbe za opravljanje storitev;12;;12 Del stavbe za opravljanje storitev
5012;CC_SI_NOVE;Nove dejanske rabe;DEJANSKA_RABA;Del stavbe za izvajanje komunikacij;13;;13 Del stavbe za izvajanje komunikacij
5013;CC_SI_NOVE;Nove dejanske rabe;DEJANSKA_RABA;Del stavbe za potniški promet;14;;14 Del stavbe za potniški promet
5014;CC_SI_NOVE;Nove dejanske rabe;DEJANSKA_RABA;Garaža;15;;15 Garaža
5015;CC_SI_NOVE;Nove dejanske rabe;DEJANSKA_RABA;Garažno parkirno mesto;16;;16 Garažno parkirno mesto
5016;CC_SI_NOVE;Nove dejanske rabe;DEJANSKA_RABA;Del stavbe za industrijsko rabo;17;;17 Del stavbe za industrijsko rabo
5017;CC_SI_NOVE;Nove dejanske rabe;DEJANSKA_RABA;Del stavbe za težko industrijo;18;;18 Del stavbe za težko industrijo
5018;CC_SI_NOVE;Nove dejanske rabe;DEJANSKA_RABA;Elektrarna;19;;19 Elektrarna
5019;CC_SI_NOVE;Nove dejanske rabe;DEJANSKA_RABA;Del stavbe z rezervoarjem, silos;20;;20 Del stavbe z rezervoarjem, silos
5020;CC_SI_NOVE;Nove dejanske rabe;DEJANSKA_RABA;Skladišče;21;;21 Skladišče
5021;CC_SI_NOVE;Nove dejanske rabe;DEJANSKA_RABA;Del stavbe za kulturo in razvedrilo;22;;22 Del stavbe za kulturo in razvedrilo
5022;CC_SI_NOVE;Nove dejanske rabe;DEJANSKA_RABA;Muzej in knjižnica;23;;23 Muzej in knjižnica
5023;CC_SI_NOVE;Nove dejanske rabe;DEJANSKA_RABA;Del stavbe za izobraževanje in znanstveno raziskovalno delo;24;;24 Del stavbe za izobraževanje in znanstveno raziskovalno delo
5024;CC_SI_NOVE;Nove dejanske rabe;DEJANSKA_RABA;Del stavbe za zdravstveno oskrbo;25;;25 Del stavbe za zdravstveno oskrbo
5025;CC_SI_NOVE;Nove dejanske rabe;DEJANSKA_RABA;Športna dvorana;26;;26 Športna dvorana
5026;CC_SI_NOVE;Nove dejanske rabe;DEJANSKA_RABA;Hlev;27;;27 Hlev
5027;CC_SI_NOVE;Nove dejanske rabe;DEJANSKA_RABA;Pomožni kmetijski del stavbe;28;;28 Pomožni kmetijski del stavbe
5028;CC_SI_NOVE;Nove dejanske rabe;DEJANSKA_RABA;Del stavbe za spravilo pridelka;29;;29 Del stavbe za spravilo pridelka
5029;CC_SI_NOVE;Nove dejanske rabe;DEJANSKA_RABA;Del stavbe za opravljanje verskih obredov;30;;30 Del stavbe za opravljanje verskih obredov
5030;CC_SI_NOVE;Nove dejanske rabe;DEJANSKA_RABA;Del stavbe za pokopališko dejavnost;31;;31 Del stavbe za pokopališko dejavnost
5031;CC_SI_NOVE;Nove dejanske rabe;DEJANSKA_RABA;Del stavbe za zaščito, reševanje in zaklonišče;32;;32 Del stavbe za zaščito, reševanje in zaklonišče
5032;CC_SI_NOVE;Nove dejanske rabe;DEJANSKA_RABA;Klet;33;;33 Klet
5033;CC_SI_NOVE;Nove dejanske rabe;DEJANSKA_RABA;Shramba, sušilnica, pralnica;34;;34 Shramba, sušilnica, pralnica
5034;CC_SI_NOVE;Nove dejanske rabe;DEJANSKA_RABA;Terasa, balkon, loža;35;;35 Terasa, balkon, loža
5035;CC_SI_NOVE;Nove dejanske rabe;DEJANSKA_RABA;Tehnični prostor;36;;36 Tehnični prostor
5036;CC_SI_NOVE;Nove dejanske rabe;DEJANSKA_RABA;Skupni komunikacijski prostor;37;;37 Skupni komunikacijski prostor
5037;CC_SI_NOVE;Nove dejanske rabe;DEJANSKA_RABA;Skupne sanitarije;38;;38 Skupne sanitarije
5038;CC_SI_NOVE;Nove dejanske rabe;DEJANSKA_RABA;Ruševina;39;;39 Ruševina
5039;CC_SI_NOVE;Nove dejanske rabe;DEJANSKA_RABA;Nestavba;40;;40 Nestavba
5040;CC_SI_NOVE;Nove dejanske rabe;DEJANSKA_RABA;Del stavbe za posebne namene;41;;41 Del stavbe za posebne namene
5041;CC_SI_NOVE;Nove dejanske rabe;DEJANSKA_RABA;Sejemska dvorana, razstavišče;42;;42 Sejemska dvorana, razstavišče
5042;CC_SI_NOVE;Nove dejanske rabe;DEJANSKA_RABA;Šola, vrtec;43;;43 Šola, vrtec
5043;CC_SI_NOVE;Nove dejanske rabe;DEJANSKA_RABA;Bolnica, zdravstveni dom;44;;44 Bolnica, zdravstveni dom
5044;CC_SI_NOVE;Nove dejanske rabe;DEJANSKA_RABA;Rastlinjak;45;;45 Rastlinjak
5045;CC_SI_NOVE;Nove dejanske rabe;DEJANSKA_RABA;Del stavbe za pastoralno dejavnost;46;;46 Del stavbe za pastoralno dejavnost
5046;CC_SI_NOVE;Nove dejanske rabe;DEJANSKA_RABA;Stanovanje v dvostanovanjski stavbi;47;;47 Stanovanje v dvostanovanjski stavbi
5047;CC_SI_NOVE;Nove dejanske rabe;DEJANSKA_RABA;Zdravilišče;48;;48 Zdravilišče
5048;CC_SI_NOVE;Nove dejanske rabe;DEJANSKA_RABA;Banka, pošta, zavarovalnica;49;;49 Banka, pošta, zavarovalnica
5049;CC_SI_NOVE;Nove dejanske rabe;DEJANSKA_RABA;Konferenčna ali kongresna dvorana;50;;50 Konferenčna ali kongresna dvorana
5050;CC_SI_NOVE;Nove dejanske rabe;DEJANSKA_RABA;Arhiv;51;;51 Arhiv
5051;CC_SI_NOVE;Nove dejanske rabe;DEJANSKA_RABA;Trgovski del stavbe na bencinskih servisih;52;;52 Trgovski del stavbe na bencinskih servisih
5052;CC_SI_NOVE;Nove dejanske rabe;DEJANSKA_RABA;Igralnica, cirkus, plesna dvorana, diskoteka;53;;53 Igralnica, cirkus, plesna dvorana, diskoteka
5053;CC_SI_NOVE;Nove dejanske rabe;DEJANSKA_RABA;Hangar, remiza, tovorni terminal;54;;54 Hangar, remiza, tovorni terminal
5054;CC_SI_NOVE;Nove dejanske rabe;DEJANSKA_RABA;Zavetišče in hotel za živali;55;;55 Zavetišče in hotel za živali
5055;CC_SI_NOVE;Nove dejanske rabe;DEJANSKA_RABA;Del stavbe za živali ali rastline v živalskem ali botaničnem vrtu;56;;56 Del stavbe za živali ali rastline v živalskem ali botaničnem vrtu
5056;CC_SI_NOVE;Nove dejanske rabe;DEJANSKA_RABA;Drvarnica;57;;57 Drvarnica
5057;CC_SI_NOVE;Nove dejanske rabe;DEJANSKA_RABA;Čebelnjak;58;;58 Čebelnjak
5058;CC_SI_NOVE;Nove dejanske rabe;DEJANSKA_RABA;Kolesarnica, čolnarna;59;;59 Kolesarnica, čolnarna
4010;VPLIVI_OBMOCJA;Šifrant vplivov območja;VPLIV;1 - Bližina avtoceste ali hitre ceste do 100m?;100;;1 - Bližina avtoceste ali hitre ceste do 100m?
4011;VPLIVI_OBMOCJA;Šifrant vplivov območja;VPLIV;2 - Bližina ceste 1. ali 2. reda do 50m?;50;;2 - Bližina ceste 1. ali 2. reda do 50m?
4012;VPLIVI_OBMOCJA;Šifrant vplivov območja;VPLIV;3 - Bližina železnice do 75m?;75;;3 - Bližina železnice do 75m?
4013;VPLIVI_OBMOCJA;Šifrant vplivov območja;VPLIV;4 - Bližina daljnovoda 110kV do 15m?;15;;4 - Bližina daljnovoda 110kV do 15m?
4014;VPLIVI_OBMOCJA;Šifrant vplivov območja;VPLIV;5 - Bližina daljnovoda nad 110kV do 40m?;40;;5 - Bližina daljnovoda nad 110kV do 40m?
